hour,tariff,pump_on,q_pump_m3h,pump_head_m,power_kW,energy_kWh,cost,tank_level_m,tank_head_m,q_p0_m3h,q_p1_m3h,q_p2_m3h,q_p3_m3h,q_p4_m3h,H_A_m,H_B_m,H_C_m,demand_A_m3h,demand_B_m3h,demand_C_m3h,demand_T_m3h
0,0.35,0,-0.0,0.0,0.0,0.0,0.0,3.0,104.0,-0.0,8.817944216016702,-11.432055783983298,-8.817944216016702,-51.75,103.54360786910948,103.5281892258734,103.59044268754081,0.0,20.25,31.5,0.0
1,0.35,0,-0.0,0.0,0.0,0.0,0.0,2.6550000000000202,103.65500000000002,-0.0,7.437531158416672,-9.66246884158333,-7.437531158416672,-43.7,103.29179363168316,103.27878871390647,103.33129665107731,0.0,17.1,26.6,0.0
2,0.35,0,-0.0,0.0,0.0,0.0,0.0,2.363666666666687,103.36366666666669,-0.0,6.654633141741289,-8.645366858258711,-6.654633141741292,-39.1,103.05367791865275,103.04204193958938,103.0890227254791,0.0,15.3,23.8,0.0
3,0.35,1,198.67906156085257,99.25078258555097,67.2353397604641,67.2353397604641,23.532368916162433,2.1030000000000206,103.10300000000002,198.67906156085257,88.28437221879119,73.4343722187912,110.39468934206135,160.72906156085256,108.9479724847976,108.33818570564863,106.326497977919,0.0,14.85,23.1,0.0
4,0.35,1,195.954809267041,99.83888054947754,66.73559123991785,66.73559123991785,23.357456933971246,3.174527077072362,104.17452707707236,195.954809267041,89.08092397536413,71.08092397536413,106.87388529167693,149.95480926704107,109.54366886306742,108.92475889110396,107.04468344115499,0.0,18.0,28.0,0.0
5,0.35,1,196.52655310977212,99.71545534742796,66.84047438168315,66.84047438168315,23.3941660335891,4.174225805519313,105.17422580551931,196.52655310977212,95.4190425278142,66.1690425278142,101.10751058195797,121.77655310977217,109.41864896781519,108.72714625199299,107.12027623313493,0.0,29.25,45.5,0.0
6,0.75,0,-0.0,0.0,0.0,0.0,0.0,4.986069492917794,105.98606949291779,-0.0,25.58879503336862,-23.91120496663138,-25.58879503336862,-126.5,103.66753738252864,103.59590840012018,103.88511362021417,0.0,49.5,77.0,0.0
7,0.75,0,-0.0,0.0,0.0,0.0,0.0,4.1427361595844605,105.14273615958446,-0.0,32.439152679278834,-32.810847320721166,-32.439152679278834,-166.75,101.3824391431974,101.27072313979782,101.72178150004314,0.0,65.25,101.5,0.0
8,0.75,0,-0.0,0.0,0.0,0.0,0.0,3.031069492917794,104.0310694929178,-0.0,31.460530158434576,-31.539469841565424,-31.460530158434576,-161.0,100.4767388916733,100.37074960555816,100.798686088639,0.0,63.0,98.0,0.0
9,0.75,0,-0.0,0.0,0.0,0.0,0.0,1.9577361595844607,102.95773615958446,-0.0,27.54604007505731,-26.45395992494269,-27.54604007505731,-138.0,100.22727121891019,100.14418880193284,100.47963777635579,0.0,54.0,84.0,0.0
10,0.75,1,211.0562041510049,96.46228499899497,69.63543261677339,69.63543261677339,52.22657446258004,1.0377361595844605,102.03773615958445,211.0562041510049,110.40328842267498,60.903288422674976,100.65291572832992,84.55620415100489,106.12367761711306,105.26055496153108,103.84112027768182,0.0,49.5,77.0,0.0
11,0.75,1,205.0,97.88625,68.3948798076923,68.3948798076923,51.29615985576923,1.6014441872578264,102.60144418725783,205.0,106.85013660825422,59.600136608254225,98.14986339174578,84.25,107.5658097005283,106.74338256640448,105.37033377373551,0.0,47.25,73.5,0.0
12,0.75,1,205.28293429784372,97.81972507321949,68.45283606696358,68.45283606696358,51.33962705022269,2.163110853924495,103.1631108539245,205.28293429784372,106.97041370258495,59.72041370258495,98.31252059525877,84.53293429784372,107.49843604233494,106.67463133153302,105.29730125701543,0.0,47.25,73.5,0.0
13,0.75,1,205.0,97.88625,68.3948798076923,68.3948798076923,51.29615985576923,2.7266637492434533,103.72666374924346,205.0,105.87151408740988,60.871514087409885,99.12848591259012,90.0,107.5658097005283,106.75459108095055,105.33628740949881,0.0,45.0,70.0,0.0
14,0.75,1,203.87641715988713,98.12880344560938,68.18876495433122,68.18876495433122,51.141573715748414,3.3266637492434534,104.32666374924345,203.87641715988713,104.41524965366048,61.66524965366049,99.46116750622674,94.62641715988724,107.81149701446094,107.01695751348203,105.57040070130283,0.0,42.75,66.5,0.0
15,0.75,1,202.03942576427002,98.52536396313822,67.85177937693032,67.85177937693032,50.88883453269774,3.957506530309374,104.95750653030937,202.03942576427002,104.61295593685118,59.61295593685118,97.42646982741877,87.03942576426995,108.21318122108443,107.41637731917072,106.04287222050986,0.0,45.0,70.0,0.0
16,0.75,1,201.58459468932432,98.62355062144212,67.76834321453121,67.76834321453121,50.82625741089841,4.5377693687378375,105.53776936873784,201.58459468932432,107.35547203749833,55.60547203749833,94.22912265182609,69.33459468932442,108.31263648250982,107.48442156056309,106.25356347355903,0.0,51.75,80.5,0.0
17,1.1,0,0.0,0.0,0.0,0.0,0.0,5.0,106.0,0.0,32.43915267927884,-32.81084732072116,-32.43915267927884,-166.75,102.23970298361294,102.12798698021336,102.57904534045868,0.0,65.25,101.5,0.0
18,1.1,0,0.0,0.0,0.0,0.0,0.0,3.888333333333333,104.88833333333334,0.0,34.61063396165712,-35.13936603834288,-34.61063396165712,-178.25,100.66835007728064,100.54392696861035,101.04629083471383,0.0,69.75,108.5,0.0
19,1.1,0,0.0,0.0,0.0,0.0,0.0,2.6999999999999997,103.7,0.0,31.460530158434537,-31.539469841565463,-31.46053015843454,-161.0,100.1456693987555,100.03968011264037,100.46761659572121,0.0,63.0,98.0,0.0
20,1.1,0,0.0,0.0,0.0,0.0,0.0,1.6266666666666663,102.62666666666667,0.0,26.567417554213,-25.182582445787,-26.567417554213,-132.25,100.10216814113494,100.02481244144204,100.33713953870051,0.0,51.75,80.5,0.0
21,1.1,1,185.90093251626303,101.97847914398977,64.91766863071875,64.91766863071875,71.40943549379064,0.7449999999999998,101.745,185.90093251626303,96.77376158170308,54.023761581703084,89.12717093455994,76.65093251626303,111.71096826789415,111.00394946911047,109.82939261137945,0.0,42.75,66.5,0.0
22,0.35,1,208.59496265488687,97.04098440576972,69.13127192870782,69.13127192870782,24.195945175047736,1.2560062167750867,102.25600621677509,208.59496265488687,102.0063003010937,68.2563003010937,106.58866235379315,122.34496265488686,106.70976012656674,105.94281118607867,104.22069763594294,0.0,33.75,52.5,0.0
23,0.35,1,202.50410482885005,98.42505137007201,67.93702209676952,67.93702209676952,23.777957733869332,2.0716393011409995,103.071639301141,202.50410482885005,95.0058726987438,70.2558726987438,107.49823213010625,139.25410482885005,108.11157255713766,107.42480202348018,105.5908660533796,0.0,24.75,38.5,0.0
